Input.task,Input.diff,Token,WorkerId,WorkTimeInSeconds,q1,q2,q3,q4,q5,q6,q7,q8,q9,q10,q11,q12,q13,q14,q15,q16,q17,q18,q19,q20,q21,q22,q23,q24,q25,q26,q27,q28,q29,q30,q31,q32,q33,q34,q35,q36,q37,q38,q39,q40,q41,q42,q43,q44,q45,q46,q47,q48,q49,q50,ues1,ues2,ues3,ues4,ues5,ues6,ues7,ues8,ues9,ues10,ues11,ues12,tlx1,tlx2,tlx3,tlx4,tlx5,tlx6,tlx7,sa1,sa2,sa3,optional_number
captcha,0,k17u1vvlstw5jn667k,,541,"UOFUel","aLujkn","EtNasg","UKXUgz","pWIGSw",,,,,,,,,,,,,,,,,,,,,,,,,,,,,,,,,,,,,,,,,,,,,,4,4,3,4,2,1,2,3,3,2,3,4,5,1,5,17,10,16,21,-1,-1,1,0
captcha,0,k17v62gw3fvq25otp4,,812,"vofdel","end chat","no","stop","END CHAT",,,,,,,,,,,,,,,,,,,,,,,,,,,,,,,,,,,,,,,,,,,,,,1,1,5,3,2,3,1,3,2,1,2,6,8,2,7,20,7,8,21,1,-1,1,0
captcha,0,k17u1zsipsnxrurjhb,,654,"UofDel","aLUjKA","EtNasg","UKXUgz","pwIGSw",,,,,,,,,,,,,,,,,,,,,,,,,,,,,,,,,,,,,,,,,,,,,,1,1,1,2,1,2,1,1,1,1,1,1,5,5,10,16,18,7,21,1,1,1,0
captcha,0,k17vpyqoqeg6xnrtt6,,1454,,,,,,"POhfDF","Q!VFMX","FgtZbU","GfVHWh","GrEPPT",,,,,,,,,,,,,,,,,,,,,,,,,,,,,,,,,,,,,,,,,5,6,5,5,6,5,5,5,5,4,5,5,15,14,13,13,16,15,15,1,-1,-1,0
captcha,0,k17vqba0a8ompwya2l,,1405,,,,,,"PohfDF","Q1vFMx","Fgtzbu","GfVHwn","GrEppT","czizpd","MnpbGN","ochtke","vGbBRa","gcxdTp","sgurjQ","edsckr","zfjeEp","QdilE1","HekxTC","nRkbzT","GjdTRs","FgzLci","UML1YT","vgfvrs",,,,,,,,,,,,,,,,,,,,,,,,,,5,4,6,2,1,1,1,4,4,4,4,6,14,10,11,14,16,5,21,1,1,1,15
captcha,0,k17u2uwrj3qhno8m8n,,1116,"uofoel","alujkn","etnasg","ukxugz","pwigsw","pohfdf","q1vfmx","fgczlu","gfvhwh","greppt","czizpd","mnobgn","ochrke","vgbbra","gcxdlp","sgujjq","edsckr","zfjeep","qdi1e1","hekxtc","hrkbzi","gjdtrs","fgzlci","umllyi","vgfvrs","msvevn","nqroky","totgmj","llderr","mvppda","hglmsb","kwrmly","rvdepo","aekjlh","rixjoo","myrjee","eygzli","edkyiw","cynspw","mfdzzg","nbspge","mgodvh","erbzre","hykjfa","txhmte","gnyjqp","jyoouc","zlnxzsw","czqbhc","nftthk",7,7,7,1,1,1,7,7,7,7,7,7,1,1,9,21,1,1,21,1,1,1,45
captcha,0,k17z1zdnkqfq5xme36,,1471,,,,,,,,,,,"czizpd","MnobGN","ochtke","vGbBRa","gcxdLP",,,,,,,,,,,,,,,,,,,,,,,,,,,,,,,,,,,,5,6,4,5,6,4,5,4,5,6,4,5,16,12,16,18,16,17,13,-1,-1,-1,0
captcha,0,k17ut0qf541s9tqdya,,879,,,,,,,,,,,"CZiZpd","MnpbGN","OChtKe","VGbBRa","gCXdLP",,,,,,,,,,,,,,,,,,,,,,,,,,,,,,,,,,,,6,5,5,6,5,4,6,5,5,4,4,5,16,15,14,17,15,17,17,1,-1,1,0
captcha,0,k17yp95ggv7xf9sg46,,1295,,,,,,,,,,,"CZiZpd","MnpbGN","OChtke","vGbBRa","gcxdLP",,,,,,,,,,,,,,,,,,,,,,,,,,,,,,,,,,,,3,4,5,1,3,3,4,4,4,5,4,4,15,6,15,18,17,14,21,1,1,1,0
captcha,0,k17u3ry7e1xp9rrpwg,,1484,,,,,,,,,,,,,,,,"sgurje","edsckr","zfjeEp","Qdi1E1","HekXTC",,,,,,,,,,,,,,,,,,,,,,,,,,,,,,,2,1,1,4,4,5,1,1,1,2,1,1,18,2,3,5,15,11,21,-1,-1,1,0
captcha,0,k17x8ecjlhy76csyv,,1193,,,,,,,,,,,,,,,,"sguJjQ","edSCkr","ZfjeEp","Qdi1E1","hEKxtc",,,,,,,,,,,,,,,,,,,,,,,,,,,,,,,7,1,7,1,1,1,7,6,7,7,6,6,20,18,2,19,18,2,21,-1,-1,1,0
captcha,0,k17wijwc1n5djfy3ni,,2133,,,,,,,,,,,,,,,,"sgujje","edsckr","zfjeEp","Qdi1E1","HekXIc",,,,,,,,,,,,,,,,,,,,,,,,,,,,,,,5,4,4,4,4,4,4,5,6,4,4,4,13,16,13,18,16,8,21,-1,-1,-1,0
captcha,0,k17u4tigm55kwimcnu,,1291,,,,,,,,,,,,,,,,,,,,,"nRKbZI","GjdIRS","EgZLCi","UML1YI","VgfVrs",,,,,,,,,,,,,,,,,,,,,,,,,,6,5,5,4,6,5,5,4,5,6,5,5,18,15,16,13,15,14,12,-1,1,-1,0
captcha,0,k17u1kshmez68butl4,,1409,"JoFDeJ","aLJjKR","EtNasg","UKXUgz","pWIGSw","PohfDF","QlvFMx","FgtzlU","GfVhwh","GrepPt","cziZpd","MnDbGN","ochtke","vGbBRa","gcxdLP","sgurjQ","edSckr","zfjeEP","QdilEi","HekXTC","hRKbzI","GjdIRS","FgzLCi","UML1YI","vgfVrs","MsveVn","NqRoKy","ToTqmj","ZLDERr","mvppDa","HgLMSb","kWRmLY","rvdEpD","ABKjlH","rIXjOo","mURJee","eYgzLI","odKuiW","cYnspw","MfdzZG","nbSPgE","MGOdvh","eRpzRe","hydjfA","txhMte","gNujQP","iYosuc","zmxZsw","cZQBhc","NFtTHK",5,3,4,1,1,2,3,3,3,3,1,2,10,11,2,10,21,3,21,-1,-1,1,45
captcha,0,k17uytp172xei8gjob,,575,,,,,,,,,,,,,,,,,,,,,"nRkbzI","GjdIrs","F9zLci","UML1YI","vgfvrs","Msvevn","Nqroky","Totqmj","1LDERr","mvppDa",,,,,,,,,,,,,,,,,,,,,1,5,6,1,1,2,6,4,6,7,7,6,3,3,2,21,10,1,21,-1,-1,1,5
captcha,0,k17xg3u8nu9h481img,,1327,,,,,,,,,,,,,,,,,,,,,,,,,,"MSVEVN","NQROKY","TOTGMJ","LLDERr","mvppDa","HgImsb","kwrmly","rvdEpo","Askj2H","rIxjoo",,,,,,,,,,,,,,,,3,5,4,5,2,6,3,5,3,5,4,6,13,5,16,15,12,5,11,-1,-1,-1,5
captcha,0,k17ujzwbal1nle8lv4,,1352,,,,,,,,,,,,,,,,,,,,,,,,,,"MSVEVN","NqRoKy","Totqmj","LLDERr","mvppda","HgImsb","kwrmly","rvdepo","ABKJLH","RIXJOO","murjee","eygziI","odkuiw","cynspw","mfdzzg","nbspge","MGODVH","srpzre","hydjfa","txhmte",,,,,,2,4,3,4,2,2,6,5,3,3,6,4,17,9,11,7,15,8,8,-1,-1,-1,15
captcha,0,k17vq45rh5alce928,,1129,,,,,,,,,,,,,,,,,,,,,,,,,,"MSVEVn","NqRoKY","TOTqMj","LLDERr","mVPPDa",,,,,,,,,,,,,,,,,,,,,6,5,4,5,5,5,6,5,5,5,5,4,16,17,12,16,15,16,14,-1,1,-1,0
captcha,0,k17u60aziu0hxu8194,,699,,,,,,,,,,,,,,,,,,,,,,,,,,,,,,,"HgiMSb","kWRmLY","rvdepo","ABKjkH","rIXjOo",,,,,,,,,,,,,,,,2,1,3,1,1,1,2,2,2,3,3,5,11,5,6,19,14,2,21,1,1,1,0
captcha,0,k17vctne1weetyqim,,1157,,,,,,,,,,,,,,,,,,,,,,,,,,,,,,,"HgiMSb","kwRmLY","rvdEpo","ABKjlH","rIXjOo","mURJee","eYgzLI","OdKuiW","CynspW","MfdzzG","nbSPgE","MGOdvh","eRpZRe","hydjfA","tXhMte","gNujQP","gYosuc","zmxZSW","cLQBhe","NEtTHx",7,5,7,1,1,1,1,6,4,5,6,7,8,1,2,9,3,1,21,-1,1,1,15
captcha,0,k17u4ftfasufh9xubu,,637,,,,,,,,,,,,,,,,,,,,,,,,,,,,,,,"HgiMsb","kwnmly","rvdepo","abkjlh","rixjoo",,,,,,,,,,,,,,,,2,2,2,1,1,1,2,1,1,4,3,3,1,1,1,21,1,1,21,1,1,1,0
captcha,0,k17v4klngjo3rf7r34,,2137,,,,,,,,,,,,,,,,,,,,,,,,,,,,,,,,,,,,"muRJes","eYgzkI","odKuiW","cvnsPw","Mfaz2G",,,,,,,,,,,5,4,6,1,1,1,5,5,6,5,6,6,15,12,8,19,6,5,21,1,1,-1,0
captcha,0,k17vr7e2qlo8fbmti,,925,"UoFuel","aLujkh","EtNasg","UkXUgz","pwIGSW",,,,,,,,,,,,,,,,,,,,,,,,,,,,,,,"muRJee","eYgzLI","odkuiw","Cynspw","MfdzzG","nbSPgE","MGOdvh","gRpZRe","hyyjFA","txhmte","gNujQP","iYosuc","zrhZsw","czQBhe","NFtTHk",2,3,3,3,3,2,2,2,2,1,3,4,7,7,6,6,6,7,21,1,-1,-1,15
captcha,0,k17utdv171iv5e2yl,,1122,,,,,,,,,,,,,,,,,,,,,,,,,,,,,,,,,,,,"mURJww","eYgZLI","odKuiW","CYnsPW","MfdZZG","nbSPgE","MGOdVh","SRbZRe","hYljfA","tXhMte",,,,,,5,5,3,4,3,4,3,5,3,5,3,5,13,10,14,11,14,12,12,-1,1,-1,5
captcha,0,k17w3klhbf9u4ze4qg,,1882,,,,,,,,,,,,,,,,,,,,,,,,,,,,,,,,,,,,,,,,,"nbSpgE","MGOdvh","SRbZRe","hydjfA","txhmte","gNujqp","jyosuc","zh4zsw","czQBhc","NEtTHk",1,1,1,1,1,1,7,7,7,3,7,7,4,5,12,11,12,1,21,-1,-1,-1,5
captcha,0,k17u1v5jlqo6w0whb8,,412,,,,,,,,,,,,,,,,,,,,,,,,,,,,,,,,,,,,,,,,,"nbSPgE","MGOdvh","sRbzRe","hytjfA","txhMte",,,,,,7,5,7,3,1,1,3,1,1,1,1,2,11,2,3,13,10,1,21,1,1,1,0
captcha,0,k17ulzfyqbw1e04xir,,1106,,,,,,,,,,,,,,,,,,,,,,,,,,,,,,,,,,,,,,,,,"nbspge","mgodvh","sRbzRe","hYdjFA","txhmte","gNujQp","iYosuc","zmxzsw","clqbhc","NFtTHx",6,6,6,4,6,6,6,6,6,5,6,6,21,18,19,18,19,20,20,1,-1,-1,5
captcha,0,k17w3b8r45652hn6th,,919,,,,,,,,,,,,,,,,,,,,,,,,,,,,,,,,,,,,,,,,,,,,,,"gNujQP","1YOsuc","zmxzsw","czQBhc","NFtTHX",1,5,5,2,1,3,6,3,4,6,5,5,8,3,4,18,7,2,21,1,1,1,0
captcha,0,k17ytvqj6qzjubots,,1880,,,,,,,,,,,,,,,,,,,,,,,,,,,,,,,,,,,,,,,,,,,,,,"9NuJQP","iYOSUC","ZrnXZSW","CZQBhc","NFtTHK",5,5,5,6,6,5,6,6,5,5,5,5,17,16,16,18,16,14,15,1,1,-1,0
captcha,0,k17u22gqbwakegtou2,,948,,,,,,,,,,,,,,,,,,,,,,,,,,,,,,,,,,,,,,,,,,,,,,"gNujQp","iYosuc","ZmxZsw","clqbhc","nftthk",6,6,6,6,6,6,6,7,5,7,6,6,15,19,18,19,18,19,18,1,-1,-1,0
captcha,1,k191ca26lyx7zv1nno,,1040,"nlngkowazpb","unwmwdwckoav","dogoynwqaygl","gjkyfmebqegb","dojdsbkkrmms",,,,,,,,,,,,,,,,,,,,,,,,,,,,,,,,,,,,,,,,,,,,,,7,6,5,6,5,6,5,7,7,6,5,7,21,18,13,21,21,21,21,1,1,-1,0
captcha,1,k1917o2eal8tp3xgmn,,811,"nlNGKnWAZXpB","uNwMWdwCKoAV","DOGnYnwQiSgl","GjKYfmehqEyb","boJdsBKKRMmS",,,,,,,,,,,,,,,,,,,,,,,,,,,,,,,,,,,,,,,,,,,,,,6,6,6,7,6,7,6,5,4,5,6,7,14,16,18,20,16,13,11,1,-1,-1,0
captcha,1,k191bl8blqb6os4k24,,1188,"n1NGKDWA2PB","uNWMWdWdKod6","DOGQYnwQisql","GjKYfmehqEyb","POJdsBKKRMms",,,,,,,,,,,,,,,,,,,,,,,,,,,,,,,,,,,,,,,,,,,,,,1,1,5,1,1,1,7,5,5,5,5,5,15,14,8,15,9,1,21,1,-1,1,0
captcha,1,k1935cblhtgv6zutnn,,710,,,,,,"jljbozjlymbs","xnbjlexyjkn","ctnhnhegbaja","wcozaswtosi","fkkudfwf1iqh",,,,,,,,,,,,,,,,,,,,,,,,,,,,,,,,,,,,,,,,,5,2,4,4,3,5,4,3,4,4,4,3,13,10,8,13,8,14,21,1,-1,1,0
captcha,1,k191fl06w9hy6ib5d3i,,1482,,,,,,"jLjbOzULYMBS","xnBjLEexYJkn","cTnHnuegPaja","WcOZasWTOSi","EKKUdFWF1IQh","nGcBSRGvPImB","ooPGIcIGusLA","UZegDpqgjxIL","SDdMgfmhFCjo","ucfHdUiZtUkm",,,,,,,,,,,,,,,,,,,,,,,,,,,,,,,,,,,,6,5,6,5,5,6,5,4,6,4,6,5,17,18,15,18,13,18,15,-1,1,1,5
captcha,1,k195m47ypnwv25e9k,,3179,,,,,,"jLjbOzULyMBs","xnBjLEexYJKn","cTnHnueGPAja","WcoZoasWToSi","FkkudFwflIQh",,,,,,,,,,,,,,,,,,,,,,,,,,,,,,,,,,,,,,,,,3,5,2,5,2,5,3,3,4,5,4,4,12,13,11,11,9,9,12,-1,-1,-1,0
captcha,1,k1936y2v6wmc5n1sf,,1381,,,,,,,,,,,"n G c B S R E v p I M B","o o P G I C I G V S L A","U z e g D p q g j X I s","S D d M g f m h F C j O","u c t H d U I Z t U k m","S L z J p Q n N C m z C","n m C S L D z n p L I T","O B M H E t d H U b H Z","H n R y d Z t p k M V G","f z d S g C v A v X z b",,,,,,,,,,,,,,,,,,,,,,,,,,,,,,,4,5,4,1,1,2,6,5,5,6,6,7,17,17,17,16,18,2,4,-1,-1,-1,5
captcha,1,k1923857e4hcxhq7e,,783,,,,,,,,,,,"NGBSRGVPIMB","OOPGICIGVSLA","UZEGDPQGJXIS","SODMGFMHFECJO","UCFHDUIZTUKM",,,,,,,,,,,,,,,,,,,,,,,,,,,,,,,,,,,,6,6,7,5,5,7,6,5,6,6,5,6,19,16,15,18,17,17,21,1,-1,1,0
captcha,1,k190zm29bsbomml73o,,763,,,,,,,,,,,"nGOBSRGVPImB","ooPGRCtGuSLA","ULegDpqg1XTS","SOdMgfmhFCjo","ucXEdurZtUkm",,,,,,,,,,,,,,,,,,,,,,,,,,,,,,,,,,,,4,6,4,4,5,6,4,5,6,5,4,6,13,11,16,13,15,11,21,-1,-1,-1,0
captcha,1,k193425pr7gfnkb6df,,1659,,,,,,,,,,,,,,,,"VERY NICE TO HAVE","VERY GOOD","OBMHETDHUBHZ","HORYDZPKMVG","FZDSSCVAVXZB",,,,,,,,,,,,,,,,,,,,,,,,,,,,,,,7,5,6,5,5,5,5,6,6,4,5,5,12,16,12,17,12,13,21,1,-1,1,0
captcha,1,k1936t6yve4m7ntkk8,,1726,,,,,,,,,,,,,,,,"SILJPQONCMZC","UMCSLDZNPLTT","OBMHETDHUBHZ","HURYQZTPKMVG","FZQSSCVAVXZB",,,,,,,,,,,,,,,,,,,,,,,,,,,,,,,7,6,5,4,6,3,3,4,4,4,4,5,15,14,14,7,17,11,16,-1,1,1,0
captcha,1,k1925s6ha62guzqi38,,2739,,,,,,,,,,,,,,,,"SILjpQNNCmzC","nmCSLDzhpLIT","OBMHEtdHUbHZ","HnRYdZtpkMvG","fzasscuAVXZb",,,,,,,,,,,,,,,,,,,,,,,,,,,,,,,6,6,5,1,1,3,5,4,7,6,6,5,5,1,1,14,2,1,21,1,-1,1,0
captcha,1,k195dhr46h7wuanzki,,796,,,,,,,,,,,,,,,,,,,,,"zycUSq3znaku","casJVJYASBgN","MNOzmkxzDxwa","hwoCRLSgZAS","UAyJjfdtWyhw",,,,,,,,,,,,,,,,,,,,,,,,,,5,4,4,3,5,3,5,3,4,3,6,4,11,21,13,15,13,16,14,1,-1,-1,0
captcha,1,k192g1j157kqmqmz6p,,2127,,,,,,,,,,,,,,,,,,,,,"ZYXDSQJZnaku","casJvjyasbGN","MNOzmKXZDXWa","chworRLSgZAS","UAyjdtwYhw",,,,,,,,,,,,,,,,,,,,,,,,,,1,3,1,1,1,2,6,5,3,2,3,4,4,3,14,7,12,2,21,1,-1,1,0
captcha,1,k1910jd43qczc0pmgt,,1396,,,,,,,,,,,,,,,,,,,,,"Z Y C UC S O J Z n a k u","C a s J V j Y a S b G N","M N O Z m K X Z D X W a","c h W U C R L S g Z A S","U A Y J j E d t W Y h W","g e P K S Y S H e X j Z","E F i n d N q n S e O E","S j W h u j t b 2 w n K","V n R B f r n H S C S F","i u l W O M e r Z Q q",,,,,,,,,,,,,,,,,,,,,4,5,4,5,4,5,3,5,3,4,5,4,13,13,9,13,13,12,15,-1,-1,1,5
captcha,1,k19272fjbtau8zf9wl,,2449,,,,,,,,,,,,,,,,,,,,,,,,,,"gepksyshexjz","EFINONQNSEOT","SJWHUJTBZDJK","VDRBERNHSCSF","IULNYOMERZQQ",,,,,,,,,,,,,,,,,,,,,4,5,2,5,6,4,5,2,6,4,6,4,15,9,16,11,17,7,17,1,-1,-1,0
captcha,1,k19sc48e38z7x11na,,1784,,,,,,,,,,,,,,,,,,,,,,,,,,"gePkSYSHexjz","EFindNqbSEQt","SjwhujrbzwbK","VDRBfrnHSCSf","iulwyoMerzeq",,,,,,,,,,,,,,,,,,,,,4,3,3,4,4,1,6,4,4,4,5,6,16,17,11,13,16,7,9,-1,-1,-1,0
captcha,1,k195mh6cgctiu583hr,,2010,,,,,,,,,,,,,,,,,,,,,,,,,,"most","FFindBqseqr","hmm","else","iulsdymerzwq","qZNuXoyPyIIO","YasUFImGAQf","TeiQugZhTV","rJLzBQKXbkgy","pKvvdQydhzr",,,,,,,,,,,,,,,,5,4,4,4,4,4,4,4,4,4,6,4,13,11,10,11,14,14,21,-1,-1,-1,5
captcha,1,k1910dpr1ufx3r5mm,,522,,,,,,,,,,,,,,,,,,,,,,,,,,,,,,,"gZNUxoYPYIIO","YasUFLImGaQF","TeiQmugkZhTV","TJIZBQKXBKGY","PKVVLAQYDHZX",,,,,,,,,,,,,,,,3,3,5,5,4,3,3,4,3,4,4,4,11,12,11,10,10,10,21,1,-1,1,0
captcha,1,k1922w7tajdb6znt59,,2218,,,,,,,,,,,,,,,,,,,,,,,,,,,,,,,"gZNuXoYPYITo","YasUFlImGAQf","TeiQmugnZnTV","TJ1ZBQKXbkgy","pkvvLAQYdhzr","SOApSptNWJXW","taKmennBJQR","CBZiYiMZSPR","inkvSHzx1Xip","Y1YERaAico2",,,,,,,,,,,4,6,4,6,4,6,4,6,5,6,5,5,15,18,14,18,14,16,16,-1,1,-1,5
captcha,1,k1944q5hrnq0n84bx,,1611,,,,,,,,,,,,,,,,,,,,,,,,,,,,,,,"gzNuXoYPYIto","yaSuFlImGAQf","TeiQmugnZhIv","JIzBQKXbkgy","PKvvLQydhzr",,,,,,,,,,,,,,,,4,4,5,4,5,5,4,4,5,3,4,6,11,21,14,15,13,13,14,-1,-1,-1,0
captcha,1,k1936d6baij6wwfbtc,,634,,,,,,,,,,,,,,,,,,,,,,,,,,,,,,,,,,,,"SOAPSPTNWJXW","TAKMENNBBJEPN","CBZHIYIMZSPR","INKLSHZXIXP","YIYERAAICOR",,,,,,,,,,,6,6,5,6,6,6,5,6,5,6,6,6,17,15,18,17,20,17,21,1,-1,1,0
captcha,1,k193l8nz973vauafb,,2754,,,,,,,,,,,,,,,,,,,,,,,,,,,,,,,,,,,,"SoApSptNWJXW","tqkmennBJePa","cBZHiyiMZSPR","inkVSHzxLXip","yiYERaaieCopa",,,,,,,,,,,3,3,3,3,4,2,5,2,3,3,3,3,12,6,4,7,7,11,10,-1,1,1,0
captcha,1,k193bf3jefwlvj8hxp,,2109,"NLNGKDWAZRPB","UNWMWDWOKODB","DODNYNWQISGI","GJKYFMEHQEBB","POJDBKKRMMS",,,,,,,,,,,,,,,,,,,,,,,,,,,,,,,"SOAPSPTNWJXW","TQKMENNBJQRZ","CBZHIYIMZSPR","INKVSHZXIXIP","YIYERAAICORO","BBJESRSAMNJB","REQGFEFSOJBL","AITXCNURYBUX","ZMQALBHIWPK","TNHQGESPJCUQ","AJESAGYXAMZW","JVRIYETBOKZ","ZZIAHNWSAASF","IMALJRWWOMVZ","BOPBYDOXPZLX",1,1,6,1,2,4,3,4,2,3,4,5,1,1,12,20,20,1,21,-1,-1,1,15
captcha,1,k198291cmm3h60i6up,,737,,,,,,,,,,,,,,,,,,,,,,,,,,,,,,,,,,,,,,,,,"bbjeSRSAMNJb","REqGEBESOjbL","aitxcnuYybuX","ZmQaLbHiWpK","tnhgGespjcUq",,,,,,5,6,5,4,6,4,5,7,5,5,5,5,21,16,14,9,15,12,21,-1,-1,-1,0
captcha,1,k190yj88x73odwlalf,,1760,,,,,,,,,,,,,,,,,,,,,,,,,,,,,,,,,,,,,,,,,"bbueSRsAMAJb","REqGfBfsojbv","aitxcnuyYbux","zmQaLbHipk","tnhqGespjCUq",,,,,,5,4,6,1,1,1,6,5,6,7,6,7,5,1,3,17,19,1,19,1,1,1,0
captcha,1,k1915egvougd7rxm6,,1460,,,,,,,,,,,,,,,,,,,,,,,,,,,,,,,,,,,,,,,,,"bbjesrSAMNJb","REqGEBFSojbL","aitxcnurybux","ZmQoaLbHiWPK","tNhqGesPJCUq","ajesAGYXamZW","jVRiYeTBboKz","ZZlaVNWsAaoF","IMa1JRWWOmVZ","bopbYDOXPZZX",3,4,2,3,1,2,2,2,3,2,4,2,13,5,11,9,7,10,21,-1,-1,1,5
captcha,1,k19220p19dc8aabqs,,1007,,,,,,,,,,,,,,,,,,,,,,,,,,,,,,,,,,,,,,,,,,,,,,"ajeeagyxamzw","jVRiyeIBbokZ","zz1aljnwsAasF","IMaIjRWwOmVz","bopbYDoXPZZX",4,3,3,3,4,2,4,3,3,3,3,4,10,7,8,12,8,9,12,1,-1,-1,0
captcha,1,k193kbzt1zfx19e8sk,,1539,,,,,,,,,,,,,,,,,,,,,,,,,,,,,,,,,,,,,,,,,,,,,,"ajeFAGYXamzw","jVRiyeTBboKz","ZZ1aHNWSAasF","IMaljRWWomVZ","bopbyDOXPzLX",7,7,7,1,1,1,5,7,7,7,7,7,19,2,4,21,17,2,21,1,-1,-1,0
captcha,1,k1934rnqoldv0pwphc,,719,,,,,,,,,,,,,,,,,,,,,,,,,,,,,,,,,,,,,,,,,,,,,,"ajeEAGYXamzW","jVRiYeTBbOKZ","ZZlaHNWSAaGF","IMaljRWWOmVZ","bopbyDOXPZLX",4,6,6,2,1,2,4,2,4,4,3,5,6,3,13,14,8,13,21,-1,1,1,0
captcha,2,k1anavz0hejoam62db,,2724,"oet2xipainzmnjizut","sBpgtjcdkiinevnbjj","8wooihiopekrhsdjj","waxpnodicnixeygm","i did not understand ",,,,,,,,,,,,,,,,,,,,,,,,,,,,,,,,,,,,,,,,,,,,,,5,4,5,4,5,5,5,4,3,5,4,5,12,14,16,16,13,16,15,-1,-1,-1,0
captcha,2,k1914iwhuiyn3xq44o,,548,"OeT2XTpaT9zmqJt2vt","sBPgxJCDKirNevhbij","BWDoIHIoPiRHchsdfj","WuxPnodIcnIxpXeYGM","ELZSDCJEYLGGVJMPD",,,,,,,,,,,,,,,,,,,,,,,,,,,,,,,,,,,,,,,,,,,,,,6,5,6,5,6,6,7,6,5,7,5,6,18,13,20,14,19,17,21,1,-1,-1,0
captcha,2,k194aezw2nzy0b2zrg,,2370,"OeTZXroaRqzmqJTzvt","sBpgxJCDKirNevhbij","sWOoTHToPEKHdhsdjJ","WuXPnodICntxPXeYGM","elzSdCJeyLygsVUmPD",,,,,,,,,,,,,,,,,,,,,,,,,,,,,,,,,,,,,,,,,,,,,,1,1,1,5,1,1,1,1,1,1,1,1,7,1,1,20,5,14,21,1,-1,1,0
captcha,2,k193n0de07ey1p8clv9s,,1082,,,,,,"WEBCNRDZIGBITRIEK","I cant unstand","4TXINKOHEIWGDLPNHM","F0ICKPT2COGZHN1ZI","02004C1GFYJGAKUP",,,,,,,,,,,,,,,,,,,,,,,,,,,,,,,,,,,,,,,,,4,5,4,4,4,5,4,5,5,5,5,5,14,13,14,16,16,14,14,1,-1,1,0
captcha,2,k190ygtu0fqmsgaqfn,,1750,,,,,,"WFbcURaZYGBIBTPEK","tPDjOOJFKghVRZU","TXmKOhErWgdipnhM","FOlCKpt2COgZHnvZXT","o2OO4C1qIYEjGaKUP","OFBGWKGOgULUHWNoxI","OUIdaVfqGMGgNZNiLd","jzVOZmhOTGRdirZFYD","FjCRSFCMCZhZMiSf","ZMZTfzMvNumEOlokTW","FYuHLOPKKUhEnXSnPr","ioAnaPhzRgYiacJYZC","JOHRZCXmgBBIPJdrXZ","HkNFanmtAwYLGIUr","OlWFNnjoTNXFhaaiue","BHCBQYdFjdMgZFpbSZ","TNXYBNUXmMIXGEZZWW","dLXZmnJRiIrlXNUaDL","eCSOnHSJfbYfGwQNU","gmeQnXaQvuhRaneRXn",,,,,,,,,,,,,,,,,,,,,,,,,,6,5,6,1,1,1,6,4,5,5,5,6,13,7,18,16,17,5,21,-1,-1,1,15
captcha,2,k191j9duccyprhnigi,,965,,,,,,"WEbcuRZYIU8I8tBCK","tpotoog5kghVRZU","4TXmkohrwgdpnnM","F01ckpt2cogZHnvZxI","ozoo4cqfrz8BGakup","OFBGWKGOOuLJHWN","OU!dgvfqGMG9NZiLd","jZVOZMhoIGRdipZ8Y","FjfCRSFCMcZhZMLSf","7MZTeMwNCE010kTw",,,,,,,,,,,,,,,,,,,,,,,,,,,,,,,,,,,,3,5,2,4,2,5,4,4,4,5,2,5,14,9,14,7,15,12,21,1,-1,1,5
captcha,2,k194ivrvgpz3b6vdb,,1342,,,,,,,,,,,"OeTzXIoaTOZmqJtzvt","sBpgJCDKirNevhbij","zVZOZmhOTGRdIOZzYO","FjCRFCMOZNZMiSE","ZMZTEMNCmEOlokTw",,,,,,,,,,,,,,,,,,,,,,,,,,,,,,,,,,,,3,3,3,3,4,3,3,4,3,4,3,3,6,11,10,9,7,11,10,-1,-1,1,0
captcha,2,k191cyebl3j1kvicoa,,1154,,,,,,,,,,,"OEBGWKOO","OUIDAVFGMCZLD","3ZVOMHOTGRDIPZYO","FJSFCMZMISE","MZTNELOKTW",,,,,,,,,,,,,,,,,,,,,,,,,,,,,,,,,,,,2,3,3,3,2,3,4,6,3,3,5,2,11,7,16,9,5,10,5,1,-1,1,0
captcha,2,k1919par5icm18avgr,,2300,,,,,,,,,,,"OFBGWKGDGULJHWNOJI","Ou1davfqGMCqNzwiLd","JzVozmhOTGRdipZy","FjfcRSFCMzZhzMisf","ZMZTfaMwNC3EQ1okTw","ByuHLoPKKUhEpxSnpr","ioAnaphzRqYjacJuzC","JOHRzCXmgBB1eJdzxZ","HkNfqnmLA3yEy1GLBI","Q1WENnjoTNxFhaoe","8HeBQYdFjdMgzFpbSz","NXyBNuxmM1xGEzZwW","dLxZmnJRiIc1XNDL","eCsOnEEJfbYfbGwQNu","gmepnXdQvunRaJeRXn","IcjNELDEJuLkTOMrHO","YXAXeRTXC1EEAzYeen","VVEoffMFJOPYWLnWfN","WsyNayNhoLAaXRWNpY","ASZCJZRUYtChiPjGeC",,,,,,,,,,,,,,,,,,,,,1,2,5,3,5,3,5,5,6,6,7,6,8,2,15,18,15,5,21,1,-1,-1,15
captcha,2,k1923zcax9ogdq6ib4,,620,,,,,,,,,,,,,,,,"its not clear","its not not clear","JOHRZOXMGBLESDXQ","HKNFHNCAQR","NOT CLEAR",,,,,,,,,,,,,,,,,,,,,,,,,,,,,,,5,7,6,6,5,6,5,5,5,5,6,5,15,17,16,17,18,17,16,-1,-1,-1,0
captcha,2,k191s3mfllsaq8binl,,1828,,,,,,,,,,,,,,,,"BYUKDopKKUhEDXSnpE","iOAnaph1RgyiacJ6zc","JOHRzoxmgBB1ejdeaz","HKNfgnmtAsyEy1g1BI","Q1WENnjoTN24Fhaife",,,,,,,,,,,,,,,,,,,,,,,,,,,,,,,1,2,5,1,1,1,5,6,5,3,5,5,2,3,12,9,12,4,21,1,1,1,0
captcha,2,k19109q5fzj4js0iva,,515,,,,,,,,,,,,,,,,"RYUHOPKKUBEDXsnpq","LOAnap1pgviacJzc","JOHRZCXMGBBIEJDxz","HKNEanmtAwyEy1G1BL","Q1WENnjoTnZfBe",,,,,,,,,,,,,,,,,,,,,,,,,,,,,,,7,5,5,5,6,6,5,5,6,5,6,6,19,18,18,17,15,15,17,-1,-1,-1,0
captcha,2,k190yf5muz895w7szm,,959,,,,,,,,,,,,,,,,,,,,,"8hebqidfjdmgzfpbsz","xnxybnuxmmixge8zww","dlxzmn3riic1xnnooz","ecconhbjfbyfbgwqnu","emepnxdqvunrarlerxn",,,,,,,,,,,,,,,,,,,,,,,,,,1,1,7,1,1,1,7,7,6,6,6,6,7,13,7,21,14,2,21,-1,-1,1,0
captcha,2,k192ldoye99ew3bjp,,1470,,,,,,,,,,,,,,,,,,,,,"BHcBQYdFjDmgFpbSz","sBpgxJCDKirNevhbij","BWOeJHIoPfkHhsdjJ","wuXPnodICnIxPXeYGM","eIzSdCJeLYgsVJmpD","WFbcJRdZIGBIcTPEK","tpoj1OOJEKgHVRZuI","VVEoffMEJOPYwLNWfN","WSYayNbocaXRWNpY","ASZCJRUYtChIPjGcC",,,,,,,,,,,,,,,,,,,,,1,1,6,1,1,1,6,2,5,6,6,7,2,8,13,9,7,2,21,-1,-1,-1,5
captcha,2,k1911vbvqtxyp01en,,1365,,,,,,,,,,,,,,,,,,,,,"B H C B e r D F j d M g Z F P b S z","i N X      B N u X m M I x G E 8 Z W W","d L X Z m n J R i L C L X N N O O Z ","e C 3 O n h s J E b Y E b G w O N u","e l z S d C J e I y g s V U m o D",,,,,,,,,,,,,,,,,,,,,,,,,,4,6,5,5,3,5,3,4,3,2,4,3,8,11,8,9,13,10,14,-1,-1,1,0
captcha,2,k191000qygjynpgar5,,543,,,,,,,,,,,,,,,,,,,,,,,,,,"conedevl4tomrho","yxaxrixcieayee","vveoffmejopywcawfn","wsynaynbokaxrwnpy","aszcjruytchipigec",,,,,,,,,,,,,,,,,,,,,7,4,7,7,7,6,6,7,7,6,6,4,21,21,21,10,21,14,21,1,-1,-1,0
captcha,2,k191r2pcdiylaz0wti,,1990,,,,,,,,,,,,,,,,,,,,,,,,,,"2cjnedbuvijtomrho","YXAXPERTCIEACYESD","VVEOffMEJOBYWLWWfN","WSYNaYbOLKAXRWNpY","ASZCJERUYTCHIPJGCC",,,,,,,,,,,,,,,,,,,,,4,7,4,2,4,3,4,3,4,3,4,3,14,8,15,9,16,9,15,1,1,-1,0
captcha,2,k190yb5z9dnlmnordo,,612,,,,,,,,,,,,,,,,,,,,,,,,,,"ICJNEJDBUULKTOMIHO","PXAXRIXCIEACYesA","VVEoffMEJOPYWLWWIN","WSYNAYNhOAaXRWNpY","ASZCJRUYtCnipjGcC",,,,,,,,,,,,,,,,,,,,,2,1,3,2,5,2,1,3,2,4,1,3,4,3,7,19,8,2,21,1,1,-1,0
captcha,2,k192p3zh9cw5pa10bo,,1583,,,,,,,,,,,,,,,,,,,,,,,,,,,,,,,"usMXZyebfcslkmyo","ekfwWBanYxwxZGeXiM","IeuLERgESdsUWHstkO","kdUMMwAAffNRDjXek","ZpmNANBkeLsjQiMejN","FavgxFLOOOFOpoKgZv","tNgFvIXwJZxoJeDTZ",,,,,,,,,,,,,,2,4,2,3,3,3,2,3,4,3,3,3,11,12,9,9,8,11,11,1,-1,1,2
captcha,2,k193l9uhwob8akjd6o,,2941,,,,,,,,,,,,,,,,,,,,,,,,,,,,,,,"USMX7VEBECS1KMWMYO","eKEWWBanyxwzGexiM","IeucERESdSUWIIStKO","KdUMMWAAffNRDjxek","ZPmNANBKeLSjOiMsiN",,,,,,,,,,,,,,,,3,2,2,2,3,2,3,2,3,2,2,2,9,7,7,6,10,7,10,-1,-1,-1,0
captcha,2,k1922ysesgcmxeoosa,,1115,,,,,,,,,,,,,,,,,,,,,,,,,,,,,,,"uSMxZYebfCslkm1m10","eKFwWBanYxwrzGexiM","IeucERBESdsUWHstko","kdUMMWAAff'NRDjXek","ZPmNANBkeLSvQiMeiN",,,,,,,,,,,,,,,,1,2,3,4,4,3,4,3,4,3,4,3,8,8,13,10,12,10,11,-1,-1,-1,0
captcha,2,k19339z5c2f8mwxohd,,451,,,,,,,,,,,,,,,,,,,,,,,,,,,,,,,,,,,,"FavgxFLOOOEOpoKgZv","tNgfvixhzxijedt2","wky5xxucfbxndg","YXhaYaPJtBJcSCfyPr","nctnknrmiexjaeroig",,,,,,,,,,,3,5,4,4,4,5,4,4,5,6,5,4,13,12,14,15,15,12,11,-1,1,1,0
captcha,2,k192o6y5o1ltkawnf,,1856,,,,,,,,,,,,,,,,,,,,,,,,,,,,,,,,,,,,"E a v g x F L O O O E O p o k g z v","c N g F v I x w z x 1 j e D T 2","T w k Y s x x U c F B x N d g R J o","Y x h a p j t B J c S c f y p r","A C I N L N r M I F x j A E R o T g","p v a x v n M O g x M R v u O m z U","z f x A t L o B A n d D d i N D z G","h s g E b t T x M b G o J z q T R D U","r g c f a h S c U p s o v v N A a q","p a h j D p q k s f h g x W u W o B",,,,,,3,3,2,2,2,2,2,2,3,2,3,3,8,7,8,3,9,9,8,1,-1,1,5
captcha,2,k190z59lf2x54j08p4,,696,,,,,,,,,,,,,,,,,,,,,,,,,,,,,,,,,,,,"FavgxFl000F0p0kgzv","tNgFvIXwJZwxnJepT2","tWKYSXXUFBxNdgSS0","YXhaYap4tBJcSCfPr","ACtnkNrMIStjAErotg",,,,,,,,,,,3,2,2,4,1,4,1,1,1,2,3,2,5,1,5,12,12,9,21,1,1,1,0
captcha,2,k190ynn4mrybnwlws,,767,,,,,,,,,,,,,,,,,,,,,,,,,,,,,,,,,,,,,,,,,"PU4XUNMOGXMRVUOMZU","ZFXAFLOBANDINDZG","HSGBTXMPGOUZQTROU","IGOFAHSCUBSOVVNAAQ","PAHJDPqKSFHEWUWBB",,,,,,5,6,6,6,7,5,6,6,6,6,7,6,19,17,19,18,19,16,16,-1,-1,-1,0
captcha,2,k1936b5jfzwhthucis,,2029,,,,,,,,,,,,,,,,,,,,,,,,,,,,,,,,,,,,,,,,,"pUaxunMogxMRvoomzU","zfxAtLoBAndDdiNDzG","hsgEbTxMbGoJzqIdDj","rgafahScUbSaVVNAaq","PahjnpqrsjhaxWuWBB",,,,,,4,3,4,3,3,3,3,3,2,4,3,4,7,6,9,11,10,10,13,1,-1,1,0
captcha,2,k193grkb5rs12qu2ps,,2637,"O e t  z x J p a T a z mq JI zVt","sBpgxJcDkirNEvhbjj","swoeI HTopfkRo hsdj","waxpnodIcntxpxeYGM","elzsdCJerIygsVUepD","WFbcurdzrGBIkTpEK","tpOfDOj5kghVRZUI","4 TXink ohz rwy gaI pnhM","F OIckptz coqzHnv zxT","oz oouciqfrzBlGakup","OFBGWKGO OuLJHWMonI","OVIdaVfqGMGqNZQiLd","j zVozmhoTGRdipZaYa","r FjfcRsEcMcZhzMisf","ZMZTfuMnCefEQlok Tw","ByuGLopkkUhEDxsnpq","ioAnaphlRQV iacJvzc","JoHRZcXmgBBIRJdzXZ","HknfQnmtAwxEYLGIgI","QLwEnJoINzFhaive","BHe BQYdFjdMgZFpbSz","tNxyBNuXmMIxGEZZWW","dLxZmnJRiIcLXNUEDL","eosOnHSJfbYfbGWQNu","qmeQhxdQvuhRarfeRxn","IcjNEjDBUuIkIOMrHO","YXAXrRTXCIEACYesA","VVEoffMEJoPYwLwWfN","WsYNayNhoqKaXRwNpY","ASZCJERUYtcnipjGeC","uSMxzYebfcslkmsmjo","ekfwWBanYxWYzGexiM","IeutERBESdqUWIIstke","kduMMW AA ff NRDjXek","zpmNaNBkeISJQiMpiN","FavgxFLOOOFopokgzv","tNgFvIxwJzxXoJepTz","IwkYsxxUeFExNdguJU","YXhaYapYtBJcSCfipr","nctNLNrMIFxkAERoTg","puaxu o Mog x MR v u Omz U","a fk A t L o B A ndD d IND z G","h s g E b T k MbG o s Z q I o o","I g a f ahse Upsovv NAaq","p ah jDp qks fh e x WuWB B","wzktF i p z v U i s f u m t z o","x Q T o V w H q q o p g i x z i U s","I o F V B v d p i c W i s i l f u c","i k s e q p j t p o n a G G Q f N c","m q l B o Q z r l z r k a D x o v h",5,3,4,3,5,3,4,3,3,5,3,4,18,10,15,7,12,15,21,-1,-1,-1,45
captcha,2,k1924cdbinjvlc401r,,2485,,,,,,,,,,,,,,,,,,,,,,,,,,,,,,,,,,,,,,,,,,,,,,"WZRTFZPZVURSFUMT10","TQTOVWHGOCPGQXIIVS","1PFVBVDPICW1SITFUC","IKSEQPJTPBNEGGOFNC","MQLBBQRKADXVH",7,6,5,6,6,6,5,6,6,4,5,5,12,20,12,19,15,14,21,-1,-1,-1,0
captcha,2,k191mqyu1ghkltnxkh,,2066,,,,,,,,,,,,,,,,,,,,,,,,,,,,,,,,,,,,,,,,,,,,,,"i not clear image","x Q T o v w h q n c p g p x z i v s","1 p F  v B v d p i c w l s i f u c","i k s e q p j t p b n e G g o e n L","m q L B b q r r k a d x v h",3,4,3,3,4,3,3,4,4,4,3,3,9,10,9,9,10,10,9,1,-1,1,0
captcha,2,k192f0vkdkhki6i6e6,,3302,,,,,,,,,,,,,,,,,,,,,,,,,,,,,,,,,,,,,,,,,,,,,,"WZRTF1PZPZVURSFUMTIO","XQTOVWHQOCPGFXZIUS","IDFVBVDPICW1SITFUC","ikseqpjtpbnmggqfNL","mqLBbQZrkaDxqvh",5,6,4,6,4,6,3,6,4,6,4,5,16,10,16,18,13,17,21,1,-1,1,0
information,0,k1910tt4is7n7vs1tg,,692,"Comprising the bulk of the Indian subcontinent, India owes its geography, climate and biodiversity to ancient plate tectonics which pushed the Indian Plate north from deep in the Southern Hemisphere. Modern humans arrived on the subcontinent from Africa no later than 55,000 years ago. Settled life emerged in the western margins of the Indus River basin 9,000 years ago. India is home to a large mix of languages, religions, and cultures. It is the world's most populous democracy,"," After 190 years in the British Empire, India gained independence in 1947 through a campaign of nonviolent resistance whose enduring symbol is Mahatma Gandhi ","Jennifer Shrader Lawrence (born August 15, 1990) is an American actress. The films she has acted in have grossed over $6 billion worldwide, and she was the highest-paid actress in the world i","Donald Fauntleroy Duck is a cartoon character created in 1934 at Walt Disney Productions. Donald is an anthropomorphic white duck with a yellow-orange bill, legs, and feet. He typically wears a sailor shirt and cap with a bow tie.","Mohandas Karamchand Gandhi (/ndi, ndi/; 2 October 1869  30 January 1948) was an Indian lawyer, anti-colonial nationalist, and political ethicist, who employed nonviolent resistance to lead the successful campaign for India's independence from British Rule, and in turn inspire movements for civil rights",,,,,,,,,,,,,,,,,,,,,,,,,,,,,,,,,,,,,,,,,,,,,,6,5,4,5,5,5,5,6,5,6,6,6,17,17,18,18,16,16,17,1,-1,1,0
information,0,k193rxm8u8405jm0ae,,1702,"Russell Crowe is an actor, film producer, and musician","Michael Holding full profile with all the records, quotes and latest news","The Jennifer Lawrence Foundation positively impacts the lives of young people, artists and the organizations that serve them","Donald Duck, an ill-tempered, squawking cartoon duck who was Walt Disney's second most famous cartoon character","Mahatma Gandhi was the leader of India's non-violent independence movement against British rule and in South Africa who advocated",,,,,,,,,,,,,,,,,,,,,,,,,,,,,,,,,,,,,,,,,,,,,,2,3,3,3,3,4,4,3,4,4,5,4,9,12,13,16,8,11,21,1,-1,1,0
information,0,k19279arxbfohp7grj,,2809,"Russell Ira Crowe (born 7 April 1964) is an actor, film producer and musician. Although a New Zealand citizen, he has lived most of his life in Australia.","Michael Holding","Jennifer Shrader Lawrence ","Donald Fauntleroy Duck ","Mohandas Karamchand Gandhi",,,,,,,,,,,,,,,,,,,,,,,,,,,,,,,,,,,,,,,,,,,,,,3,3,4,3,3,4,3,2,3,3,2,4,12,7,11,6,8,11,8,-1,1,-1,0
information,0,k193xb4mom4gx3ucko,,2613,,,,,,"Elizabeth ","Paige","Tont","Fyodorovich"," Bass","Jean","John","Wroughton","no middle name","Karuna",,,,,,,,,,,,,,,,,,,,,,,,,,,,,,,,,,,,5,3,6,4,5,3,5,5,3,5,5,4,16,11,15,16,11,15,11,-1,1,-1,5
information,0,k1922hbg3u1h77cuao,,1549,,,,,,"Elizabeth","Paige","Tont","Fyodorovich","Bass","Jean","John","Wroughton","Rooney","Karuna ",,,,,,,,,,,,,,,,,,,,,,,,,,,,,,,,,,,,1,1,4,1,1,3,6,2,3,1,6,7,6,3,4,16,5,11,21,1,-1,1,5
information,0,k192nboouo3ye0ctr8,,3491,,,,,,"WINSLET","DAMMON","WOODS","STRVINSKY","COX",,,,,,,,,,,,,,,,,,,,,,,,,,,,,,,,,,,,,,,,,3,3,4,3,4,3,4,3,3,5,4,5,17,19,18,9,12,16,21,-1,-1,-1,0
information,0,k190yv8q3fedj5ei2m,,1345,,,,,,,,,,,"Jean","John","Wroughton","Rooney","Karuna","Scott","Yazid","Noel","Anthony","Jerome","Marie","Hussein","Garry","Richard","Michael","Vladimirovich","Wilhelm","Alexandra","Stuart","Lee","Bean","Tiffany","Stamatina","Emilian","Erhard","Louise","Sergeyevna","Miller","Mathison","Whitney","Henry","Jacob","Knight","Diego Jos Francisco de Paula Juan Nepomuceno Mara de los Remedios Cipriano de la Santsima Trinidad Ruiz y","Ramesh","Karl","Craig","Irwin","David","James",6,7,7,1,1,1,6,7,7,7,6,6,1,1,4,20,20,1,21,1,1,1,35
information,0,k1921du2x9gabaoie,,1855,,,,,,,,,,,"STONE","JOHN","WROUGHTON","ROONEY","KARUNA","SCOTT","YAZID","NOEL","ANTHONY","JEROME",,,,,,,,,,,,,,,,,,,,,,,,,,,,,,,3,3,5,4,4,4,5,5,6,4,4,5,15,16,15,12,13,13,21,-1,1,1,5
information,0,k191smo7q0c5l6ts5,,1968,,,,,,,,,,,"Emily Jean Emma Stone is an American actress. The recipient of numerous accolades, including an Academy Award and a Golden Globe Award, she was the highest-paid actress in the world in 2017","Trump was born and raised in the New York City borough of Queens, and received a B.S. degree in economics from the Wharton School at the University of Pennsylvania","Daniel Wroughton Craig (born 2 March 1968) is an English actor. He trained at the National Youth Theatre and graduated from the Guildhall School of Music and Drama in 1991, before beginning his career on stage","Donald Duck rose to fame with his comedic roles in animated cartoons. Donald's first appearance was in 1934 in The Wise Little Hen, but it was his second appearance in Orphan's Benefit which introduced him as a temperamental comic foil to Mickey Mouse","Uma Karuna Thurman (born April 29, 1970)[1] is an American actress and model. She has performed in a variety of films, ranging from romantic comedies and dramas to science fiction and action movies",,,,,,,,,,,,,,,,,,,,,,,,,,,,,,,,,,,,3,5,4,6,5,6,5,5,4,5,4,4,14,10,10,15,11,13,10,-1,1,1,0
information,0,k1910zy8dufbgwm0it,,686,,,,,,,,,,,,,,,,"Scott","Yazid","Noel","Anthony ","Jerome",,,,,,,,,,,,,,,,,,,,,,,,,,,,,,,1,2,6,2,6,4,7,6,4,3,4,1,17,11,6,18,7,4,21,-1,-1,1,0
information,0,k191zs3hxaxyv56t0i,,1134,,,,,,,,,,,,,,,,"Darren Scott Lehmann","Zinedine Yazid Zidane","Kimberly Noel Kardashian","Allan Anthony Donald ","Quentin Jerome Tarantino","Katherine Marie Heigl ","Barack Hussein Obama","Kate Garry Hudson ","Adam Richard Sandler","Patrick Michael Rafter",,,,,,,,,,,,,,,,,,,,,,,,,,1,1,6,1,1,1,7,4,5,6,7,7,3,10,2,21,18,1,21,-1,-1,-1,5
information,0,k1913w665ge2aqk17ub,,1261,,,,,,,,,,,,,,,,"Scott","Yazid","Noel","Anthony ","Jerome","Marie","Hussein","Garry","Richard","Micheal",,,,,,,,,,,,,,,,,,,,,,,,,,4,3,5,1,1,3,4,3,4,4,5,5,15,14,3,11,5,5,18,1,-1,1,5
information,0,k190ypxspbvzbx083y,,629,,,,,,,,,,,,,,,,,,,,,"Marie","Hussein","Garry","Richard","Michael","Vladimirovich","Wilhelm","Alexandra","Stuart","Lee","Bean ","Tiffany","Gomez","Emilian","Erhard","Louise","Sergeyevna","Miller","Mathison","Whitney",,,,,,,,,,,1,1,1,1,1,1,2,4,1,4,2,2,2,1,1,21,1,1,21,1,-1,1,15
information,0,k191xy64qdwenu6c4e,,2035,,,,,,,,,,,,,,,,,,,,,"Marie ","Hussein ","Garry","Richard ","Michael ","Vladimirovich","Wilhelm ","Alexandra ","Stuart ","Lee",,,,,,,,,,,,,,,,,,,,,3,4,4,4,5,4,5,3,4,4,5,6,16,7,17,14,11,16,10,-1,1,-1,5
information,0,k1932w6v83kx838nt,,2700,,,,,,,,,,,,,,,,,,,,,"Marie","Hussein","Garry","Richard","Michael"," Vladimirovich ","Vladimirovich"," Alexandra"," Stuart","Lee",,,,,,,,,,,,,,,,,,,,,4,5,5,5,4,5,3,5,5,6,4,5,14,9,14,17,10,14,16,-1,1,-1,5
information,0,k191wden81pqngxd4,,2251,,,,,,,,,,,,,,,,,,,,,,,,,,"he is president of russia","he is an american actor","she is an australian sports woman","he is an english film director","Bryan cranston is an american actor and director",,,,,,,,,,,,,,,,,,,,,4,6,3,4,6,3,5,3,6,4,5,6,10,13,14,16,16,13,21,-1,-1,1,0
information,0,k1940mzgiejbqb1xlr,,2652,,,,,,,,,,,,,,,,,,,,,,,,,," Vladimirovich ","Wilhelm","Alexandra ","Stuart ","Lee ","Bean ","Tiffany","Stamatina","Emilian","Erhard",,,,,,,,,,,,,,,,3,2,2,2,2,3,2,2,2,2,2,2,6,6,5,6,6,7,6,-1,-1,-1,5
information,0,k190yn2q7haqzjquny,,2136,"Ira","Anthony","Shrader","Fauntleroy","Karamchand",,,,,,,,,,,,,,,,,,,,,"Vladimirovich","Wilhelm ","Alexandra","Stuart","Lee","Bean","Tiffany","Stamatina","Emilian","Erhard","Louise","Sergeyevna ","Miller","Mathison","Whitney","Henry","Jacob","Knight","Ruiz","Ramesh","Karl","Craig","Irwin","David","James",2,5,3,5,6,3,6,4,2,6,3,6,12,7,17,12,8,10,21,1,-1,-1,25
information,0,k190z6xuncjnhiruex,,1125,,,,,,,,,,,,,,,,,,,,,,,,,,,,,,,"Bean","Tiffany","Stamatina","Emilian","Erhard","Louise","Sergeevna","Miller","Mathison","Whitney",,,,,,,,,,,7,5,6,1,1,1,7,7,7,7,7,7,10,6,11,13,12,1,21,1,-1,1,5
information,0,k195d08ubv73bhf5cg,,1041,,,,,,,,,,,,,,,,,,,,,,,,,,,,,,,"bean","tiffany","le","emilian","erhard",,,,,,,,,,,,,,,,3,4,2,5,3,5,3,5,3,5,4,2,15,10,15,9,14,16,21,-1,-1,-1,0
information,0,k192fzkd4humfo04ee,,1530,,,,,,,,,,,,,,,,,,,,,,,,,,,,,,,"bean","tiffany","le","emilian","erhard",,,,,,,,,,,,,,,,7,7,6,7,7,7,7,7,7,6,7,6,21,20,18,17,18,21,14,-1,1,1,0
information,0,k194zcuftp0tlabfs,,709,,,,,,,,,,,,,,,,,,,,,,,,,,,,,,,,,,,,"Sarah Louise Palin","Sergeyevna","Miller ","Mathison","Whitney",,,,,,,,,,,3,3,3,3,4,4,4,4,3,3,3,3,11,11,10,11,10,10,10,1,1,1,0
information,0,k190y5xzu5ikws8t8,,560,,,,,,,,,,,,,,,,,,,,,,,,,,,,,,,,,,,,"Louise ","Sergeyevna ","Miller ","Mathison ","Whitney ",,,,,,,,,,,1,4,3,6,3,5,6,7,5,6,7,3,17,9,20,15,7,19,21,1,-1,1,0
information,0,k193ku249jorf4mi68,,1782,,,,,,,,,,,,,,,,,,,,,,,,,,,,,,,,,,,,"Louise","Sergeyevna"," Miller ","Mathison","Whitney","Henry "," Paige",,,,,,,,,3,3,3,4,3,4,3,3,3,4,4,3,11,12,8,10,10,9,13,1,-1,1,2
information,0,k190zzhcspcld6t82l,,569,,,,,,,,,,,,,,,,,,,,,,,,,,,,,,,,,,,,,,,,,"mothy henman","red","gali","pic","ten",,,,,,2,5,1,5,3,4,1,5,3,5,1,3,15,7,12,6,15,9,21,1,-1,1,0
information,0,k19112mmo2z1v3p2e,,512,,,,,,,,,,,,,,,,,,,,,,,,,,,,,,,,,,,,,,,,,"YES","HELOO","YES","HLO","TEL ME",,,,,,3,5,5,5,5,4,4,4,5,4,4,4,11,13,11,11,14,13,17,1,1,1,0
information,0,k192olu4yi9e2i55fh,,1498,,,,,,,,,,,,,,,,,,,,,,,,,,,,,,,,,,,,,,,,,"Henry ","Jacob ","Knight ","Ruiz ","Ramesh ","Karl ","Craig","Irwin ","David","James ",1,2,3,2,4,2,4,4,3,3,3,4,10,9,8,11,10,9,10,-1,-1,-1,5
information,0,k190ytu48nhte1aobp,,407,,,,,,,,,,,,,,,,,,,,,,,,,,,,,,,,,,,,,,,,,,,,,,"Karl","Craig","irwin","david","james",3,3,2,4,1,4,3,1,4,1,1,3,3,7,5,10,4,5,21,1,-1,-1,0
information,0,k193ibzpp7s713fag,,1764,,,,,,,,,,,,,,,,,,,,,,,,,,,,,,,,,,,,,,,,,,,,,,"HEISENBERG","GILCHRIST","ESTEVEZ","OLYPHANT","ROTHFUSS",6,6,6,7,7,6,7,6,6,7,7,6,19,18,19,19,18,19,20,-1,-1,-1,0
information,0,k191362lsuou6ahajh,,619,,,,,,,,,,,,,,,,,,,,,,,,,,,,,,,,,,,,,,,,,,,,,," Heisen","Craig ","Irwin ","David "," LaBarge",5,5,4,6,6,6,5,6,5,5,6,5,15,18,16,16,18,18,15,1,-1,-1,0
information,1,k193ubuz9zv3p4ef1l,,2598,"Francis","Larrabee","Nicholas","Antonio","Kennedy",,,,,,,,,,,,,,,,,,,,,,,,,,,,,,,,,,,,,,,,,,,,,,5,6,4,6,4,6,4,6,4,6,3,5,16,11,16,17,12,17,12,-1,-1,-1,0
information,1,k1922pq5drw1m15ep,,2278,"Francis","Larrabee","Nicholas","Antonio","Kennedy",,,,,,,,,,,,,,,,,,,,,,,,,,,,,,,,,,,,,,,,,,,,,,3,5,2,2,1,5,3,4,5,4,3,5,14,8,15,11,14,9,21,1,-1,1,0
information,1,k193cfj7wxjwz8yqnd,,2003,"Forbes ","Parker ","no middle name","no middle name","no middle name","William Donald","Francis ","Cassedy ","no middle name"," Winston Ono",,,,,,,,,,,,,,,,,,,,,,,,,,,,,,,,,,,,,,,,,2,2,3,3,3,3,3,3,3,2,3,4,9,12,9,7,13,7,11,-1,-1,-1,5
information,1,k193oru8mwlpi1hv6n,,1491,,,,,,"David Young Cameron","James Francis Cameron","Charles Cassedy Bass","Richard John Allison","John Barham",,,,,,,,,,,,,,,,,,,,,,,,,,,,,,,,,,,,,,,,,5,6,5,4,5,6,5,5,6,6,5,5,15,16,15,17,14,15,21,-1,1,1,0
information,1,k192y00fqhzzz0a5bf,,2585,,,,,,"Young ","Francis ","C. ","John ","no middle name","Allen ","no middle name","Ross ","Hansborough ","Masson",,,,,,,,,,,,,,,,,,,,,,,,,,,,,,,,,,,,1,2,2,2,1,3,2,2,2,2,2,2,4,6,8,7,9,9,7,-1,-1,-1,5
information,1,k192sehdp7zwpkt7j,,3418,,,,,,"Young","Malcolm","Cassedy","John","Anthony",,,,,,,,,,,,,,,,,,,,,,,,,,,,,,,,,,,,,,,,,6,3,5,2,1,6,1,2,3,3,1,6,16,13,14,19,21,4,21,1,-1,1,0
information,1,k19289fdcyyb8qbeiuk,,1691,,,,,,,,,,,"Albert Bartlett is a leader in the potato market. Through Robinson Fresh, consumers in the United States can enjoy their great-tasting, versatile potatoes","he Full Monty. Paul Barber was born on March 18, 1951 in Liverpool, England as Patrick Paul Barber. He is an actor, ","Ross Allen was a genuine Florida character. Born in 1908 in Pittsburgh, Pa., Ross gravitated toward the wilds of nature, and where could you find nature in greater abundance than Florida's","Peter Bell's professional profile on LinkedIn. LinkedIn is the world's largest business network, helping professionals like Peter Bell discover inside ","Tom Moody was both tall and a player of stature. He measures in at 6ft 6ins, but overcame an early awkwardness against short bowling to become a batsman",,,,,,,,,,,,,,,,,,,,,,,,,,,,,,,,,,,,2,3,3,3,3,3,6,4,6,4,5,3,8,9,11,10,18,12,21,1,-1,1,0
information,1,k1acj0kdbdicafjf5u,,1203,,,,,,,,,,,"Albert Allen Bartlett","Paul Jason Barber","Ensil Ross Allen ","Peter Hansborough Bell","Thomas Masson Moody",,,,,,,,,,,,,,,,,,,,,,,,,,,,,,,,,,,,6,5,5,5,5,4,6,5,4,6,5,5,18,15,17,15,16,16,21,-1,1,1,0
information,1,k1922rdkm7f7lqk34p,,1393,,,,,,,,,,,"allen","Jason ","Ensil","Hansborough","Masson ","no middle name","Thomas ","Earl ","Edwin","Brian",,,,,,,,,,,,,,,,,,,,,,,,,,,,,,,2,2,2,4,2,2,3,4,3,3,3,3,8,9,12,10,8,13,5,-1,1,1,5
information,1,k1911jwdw71n981gvp,,890,,,,,,,,,,,,,,,,"ANDREA","Peter Thomas Barton is an American actor. He starred in The Powers of Matthew Star, with Louis Gossett, Jr.; Burke's Law with Gene Barry; and the soap opera Sunset Beach","Glen Baxter, nicknamed Colonel Baxter, is an English draughtsman and artist, noted for his absurdist drawings and an overall effect often resembling literary nonsense. Born in Leeds, Baxter was trained at the Leeds College of Art 1960-5. He was a teacher at the V & A, 1967-74","George John Bailey is an Australian cricketer, who was formerly the captain of the Australian T20I team and vice-captain of the Australian ODI team.","The James Tait Black Memorial Prizes are literary prizes awarded for literature written in the English language. They, along with the Hawthornden Prize, are Britain's oldest literary awards",,,,,,,,,,,,,,,,,,,,,,,,,,,,,,,5,3,5,3,5,3,5,4,3,5,4,5,8,17,11,16,12,14,10,1,-1,1,0
information,1,k19231qu1lui1fewad,,3443,,,,,,,,,,,,,,,,"Barron ","Thomas","don't know","no idea","no idea",,,,,,,,,,,,,,,,,,,,,,,,,,,,,,,1,1,7,1,1,1,7,6,6,6,6,6,10,10,2,13,8,1,21,-1,-1,1,0
information,1,k191wcjz96vtfn9xd,,690,,,,,,,,,,,,,,,,"Andrew Murray (9 May 1828  18 January 1917) was a South African writer, teacher and Christian pastor. Murray considered missions to be the chief end of the church.[1]","Peter Thomas Barton (born July 19, 1956) is an American actor. He starred in The Powers of Matthew Star, with Louis Gossett, Jr.; Burke's Law with Gene Barry; and the soap opera Sunset Beach. Named one of the 10 sexiest guys in soaps by Playgirl,[1] Barton is probably best known as Scott Grainger on the daytime drama The Young and the Restless.","Glen Earl Baxter (March 19, 1930  March 30, 1983) was an American mathematician.Baxter's fields of research include probability theory, combinatorial analysis, statistical mechanics and functional analysis. He is known for the Baxter strong limit theorem. Lately, his 1960 work[1] on the derivation of a specific operator identity that later bore his name, the RotaBaxter identity, and emanated from some of the fundamental results of the famous probabilist Frank Spitzer in random walk theory has received attention in fields as remote as renormalization theory in perturbative quantum field theory.","Sir George Edwin Bailey CBE MIMechE MIEE (19 October 1879  14 October 1965) was a British electrical engineer and industrialist.He was born in Loughborough, Leicestershire, the tenth child of master tailor Thomas W. Bailey, and educated at Loughborough Grammar School. He became an apprentice at the Loughborough works of the Brush Electrical Engineering Company, continuing his technical education at the University College, Nottingham.","Group captain is a senior commissioned rank in many air forces. Group captain has a NATO rank code of OF-5, meaning that it ranks above wing commander, immediately below air commodore and is the equivalent of the naval rank of captain and the rank of colonel in other services.",,,,,,,,,,,,,,,,,,,,,,,,,,,,,,,5,5,5,6,6,5,6,6,6,5,5,6,17,19,18,16,18,16,18,1,1,-1,0
information,1,k190yieu7mwkyi28i9,,918,,,,,,,,,,,,,,,,,,,,,"B","Wayne ","D","Outram ","Bowley ",,,,,,,,,,,,,,,,,,,,,,,,,,6,4,4,1,1,1,5,2,3,3,3,3,14,10,5,8,15,3,21,-1,-1,1,0
information,1,k191vua3a1uacju0w,,1234,,,,,,,,,,,,,,,,,,,,,"Benjamin","Wayne ","John ","Outram ","JOHN",,,,,,,,,,,,,,,,,,,,,,,,,,1,2,7,3,4,1,2,4,2,2,3,1,9,11,5,13,7,11,21,1,-1,1,0
information,1,k1912zpm7llcdcb02d,,891,,,,,,,,,,,,,,,,,,,,,"benjamin","wayne","john","Outram ","Bowley",,,,,,,,,,,,,,,,,,,,,,,,,,3,4,3,3,3,3,3,4,2,2,3,3,13,11,7,9,11,10,11,1,-1,-1,0
information,1,k19357paz9u7hwz4w3,,1008,,,,,,,,,,,,,,,,,,,,,,,,,,"John Haden Badley (21 February 1865  6 March 1967) was an English author, educator, and founder of Bedales School, which claims to have become the first .","Jump to International career - Michael Beer (cricketer) Michael Anthony Beer (born 9 June 1984) is an Australian cricketer who played for the Victorian cricket team. He played as a slow left-arm orthodox spin bowler. He made his Test cricket debut in the final match of the 201011 Ashes series.","ump to Archbishop of Omaha, Nebraska - George Joseph Lucas (born June 12, 1949) is an American prelate of the Roman Catholic Church. He is the fifth and current Archbishop of Omaha, having previously served as Bishop of Springfield in Illinois from 1999 to 2009.","Christopher Sebastian Kit Lambert (11 May 1935  7 April 1981) was a British record producer, record label owner, and the manager of The Who.Biography  Career in film and music  Track Record  Book and final days","Anne Andersen may refer to: Anne Nymark Andersen (born 1972), Norwegian footballer; Anne Berit Andersen (born 1951), Norwegian politician; Anne Dsane ",,,,,,,,,,,,,,,,,,,,,4,4,4,4,4,4,4,6,4,4,5,4,13,12,14,14,14,13,10,1,-1,1,0
information,1,k1947x6vpcw2geol57,,2560,,,,,,,,,,,,,,,,,,,,,,,,,,"Haden","Anthony","Joseph","Guy Denis","Nymark",,,,,,,,,,,,,,,,,,,,,1,7,4,1,1,1,6,3,5,4,6,7,1,1,1,21,21,1,21,-1,-1,1,0
information,1,k190ywe8u8hbp0rnk,,479,,,,,,,,,,,,,,,,,,,,,,,,,,"Haden","Anthony","Joseph","Guy Denis","Nymark",,,,,,,,,,,,,,,,,,,,,4,3,5,2,1,2,1,3,2,3,1,1,21,1,6,12,21,8,21,-1,-1,1,0
information,1,k190ypzu6sjygsdnm8,,2013,"Forbes ","Larrabee ","Nicholas ","Antonio ","Kennedy ","Young ","Francis ","Cassedy ","John ","All",,,,,,,,,,,,,,,,,,,,,"Edward ","Silva ","James ","Russell ","Gilbert ","Bierstadt ","Salvador ","Irwin ","Alexander ","C.","T.","Frederick ","RICHARD","Wilkinson ","Henry ","Barry ","Joslyn ","Olegovna ","Edward ","Daniel ",2,2,4,2,4,3,4,4,2,5,3,4,8,12,6,5,14,8,13,-1,-1,-1,25
information,1,k19146whlbnpmyowad,,711,,,,,,,,,,,,,,,,,,,,,,,,,,,,,,,"he is english professional footballer","he is brazilian footballer","it is 37th president of the united state","canada minister foreign affairs","Bannister is a variant spelling of banister",,,,,,,,,,,,,,,,7,4,6,4,5,5,4,6,4,5,5,5,15,11,16,11,17,12,15,-1,-1,1,0
information,1,k191xmoh0yedzjqly,,2117,,,,,,,,,,,,,,,,,,,,,,,,,,,,,,,"EDWARD","DA SILVA","NIXON","RUSSELL","BANNISTER","BEDFORD","RODRIGUEZ","IRWIN","ALEXANDER","CHANNING",,,,,,,,,,,5,3,6,2,2,4,7,4,3,7,7,5,19,16,17,10,20,3,21,1,-1,-1,5
information,1,k192gksox4m6q63g2r,,840,,,,,,,,,,,,,,,,,,,,,,,,,,,,,,,,,,,,"Henry Bedford may refer to: Henry Bedford (educator) (18161903), English Catholic convert, educator and writer; Henry Bedford","Antnio Salvador (born June 21, 1966) is a retired male long-distance runner from Portugal. He set his personal best in the men's marathon on April 5, 1998 in the Paris Marathon,","Michael Jeffrey Jordan (born February 17, 1963), also known by his initials MJ, is an American former professional basketball player and the principal owner of the Charlotte Hornets of the National Basketball Association (NBA). He played 15 seasons in the NBA, winning six championships with the Chicago Bulls.","David Alexander (1938  4 February 1995) was a Welsh singer and entertainer.[1] His journey started from singing in social clubs for years, which then his exceptional voice made him to become an internationally recognized singer. His best-selling album 'Reflections' successfully sold 150,000 copies in 1988.","Francis Channing Barlow was a lawyer, politician, and Union General during the American Civil War.",,,,,,,,,,,4,6,4,5,3,5,5,3,3,6,4,5,13,10,15,10,16,11,16,1,-1,1,0
information,1,k192np53wy5qua7gsp,,3192,,,,,,,,,,,,,,,,,,,,,,,,,,,,,,,,,,,,"Henry Bedford","Antonio Salvador","Michael Jeffrey Jordan","David Alexander ","Francis C. Barlow","Daniel Barry","Harry Baker","William M Basham","William Addison ","George Lamson",,,,,,7,7,2,6,4,4,5,5,5,6,4,4,10,17,17,17,20,21,21,1,-1,1,5
information,1,k190z26fxx66xktmfl,,2118,"Francis ","Larrabee ","Gray ","Antonio ","Kennedy ","Young ","Francis ","Cassedy ","John ","Anthony ","Allen ","Jason ","Ross ","Hansborough ","Masson ",,,,,,,,,,,,,,,,,,,,,"Edward ","Salvador","Irwin ","Alexander Ogilvy","Barlow ","Thomas ","Frederick ","RICHARD","Addison","Henry ","Barry","Joslyn ","Belova ","Edward ","Mark ",5,5,4,4,4,3,4,3,3,4,4,4,9,10,14,12,14,10,21,1,1,-1,25
information,1,k191mtwcfv7xs3xt5w,,858,,,,,,,,,,,,,,,,,,,,,,,,,,,,,,,,,,,,,,,,,"Barry","Baker","Basham","Addison","Lamson",,,,,,5,3,2,1,1,1,7,2,5,7,3,7,20,20,5,19,20,1,21,-1,-1,1,0
information,1,k192o2dgydw8hmgxpx,,661,,,,,,,,,,,,,,,,,,,,,,,,,,,,,,,,,,,,,,,,,"Flash Gordon comic strip artist","This disambiguation page lists articles about people with the same name. If an internal link led you here, you may wish to change the link to point directly to the intended article.","Loyalty. William Basham is known for his work on Loyalty,","British Conservative peer","sole survivor of the Galaxy Airlines Flight 203 crash in 1985","Chondrogenic differentiation of cultured human mesenchymal stem cells from marrow","Lyman Frank Baum (/bm/;[1] May 15, 1856  May 6, 1919) was an American author chiefly famous for his children's books"," Russian rhythmic gymnast","American professional baseball umpire","James Daniel May (born 16 January 1963) is an English television presenter and journalist. He is best known as a co-presenter of the motoring programme ",6,6,4,6,7,5,7,5,6,3,4,6,14,21,19,20,14,18,13,-1,-1,-1,5
information,1,k196f0w470wr7wm5u8p,,3544,,,,,,,,,,,,,,,,,,,,,,,,,,,,,,,,,,,,,,,,,"thomas","cardiff","richard","wilkinson","henry",,,,,,4,2,6,3,4,3,5,3,5,3,5,4,11,21,19,15,11,6,21,-1,-1,-1,0
information,1,k1922tqfb308fnm9ji,,2470,,,,,,,,,,,,,,,,,,,,,,,,,,,,,,,,,,,,,,,,,,,,,,"Russel","Joslyn","Olegovna","Edward ","Daniel ",1,1,2,1,1,1,7,7,7,5,6,3,4,7,12,16,4,2,21,-1,-1,1,0
information,1,k192ee8kt4x8dru3zd,,1506,"Forbes","Larrabee","Nicholas","Antonio","Kennedy",,,,,,,,,,,,,,,,,,,,,,,,,,,,,,,,,,,,,,,,,"Russell ","Joslyn","Olegovna","Edward","Daniel",1,1,6,2,2,2,6,6,6,6,6,6,3,4,1,18,21,2,21,1,-1,-1,5
information,1,k19168lwsv9aox70m,,930,,,,,,,,,,,,,,,,,,,,,,,,,,,,,,,,,,,,,,,,,,,,,,"Joseph LaBarge ","OK","Joseph LaBarge  India is a country in South Asia. Comprising the bulk of the Indian subcontinent, India owes its geography, climate and biodiversity to ancient plate tectonics which pushed the Indian Plate north from deep in the Southern Hemisphere. Modern humans arrived on the subcontinent from Africa no later than 55,000 years ago. Settled life emerged in the western margins of the Indus River basin 9,000 years ago. India is home to a large mix of languages, religions, and cultures. It is the world's most populous democracy, with 1.3 billion people, and a secular federal republic governed in a parliamentary system. It is the world's third-largest economy in purchasing power parity, and a fast-growing major economy. After 190 years in the British Empire, India gained independence in 1947 through a campaign of nonviolent resistance whose enduring symbol is Mahatma Gandhi (born 2 October 1869). (Full article...)","BARR","MAY",6,5,4,4,4,4,3,4,4,4,6,4,11,18,20,9,9,9,21,1,-1,1,0
information,2,k1910856s1o8j9kea,,1079,"SMITH","PORTER","SMITH","EDWARD","PATRICK",,,,,,,,,,,,,,,,,,,,,,,,,,,,,,,,,,,,,,,,,,,,,,5,4,7,1,7,5,7,3,5,7,4,7,21,21,4,21,12,2,21,-1,1,1,0
information,2,k191sis64d2cd15xtm,,1686,"Brian Stuart Smith ","Christopher Ian PorteR","Gary Stephen Smith","John McAuley Palmer","Michael Pat Murphy",,,,,,,,,,,,,,,,,,,,,,,,,,,,,,,,,,,,,,,,,,,,,,2,4,3,4,2,3,4,3,3,2,3,3,6,10,5,10,6,9,13,-1,-1,1,0
information,2,k1911astbkdgugbteg,,671,"Smith","PORTER","SMITH","PALMER","MURPHY",,,,,,,,,,,,,,,,,,,,,,,,,,,,,,,,,,,,,,,,,,,,,,3,3,2,4,5,2,1,5,1,4,1,4,2,13,3,15,2,12,6,1,-1,1,0
information,2,k191bswkr7509ak4tn,,1920,,,,,," Maria","Charles P. Davis ","George Russell","Johann Sebastian Bach","Michael J. Murphy ","Johann Sebastian Bach","Kevin Johnson","Brian Smith","John Palmer","William Wilson",,,,,,,,,,,,,,,,,,,,,,,,,,,,,,,,,,,,7,5,5,7,3,3,5,4,7,7,7,6,14,13,14,20,10,12,16,-1,-1,-1,5
information,2,k192erwrr6o3rkzre,,2657,,,,,,"He played in 241 Serie A games during 15 seasons, representing in the competition ","Davis was a defensive back for the Tennessee Volunteers from 1982 to 1986, though he went undrafted","Born in King's Lynn, Norfolk,[1] Russell began karting in 2006 and progressed through to the cadet class by 2009,","Johann Sebastian Bach was a German composer and musician of the Baroque period","Killed in action",,,,,,,,,,,,,,,,,,,,,,,,,,,,,,,,,,,,,,,,,4,5,3,4,5,4,6,4,5,2,5,3,15,6,16,9,13,12,16,1,-1,1,0
information,2,k193v9adkc6v7y2p1,,2257,,,,,,"Maria","Ian","William","Sebastian","Cotter ",,,,,,,,,,,,,,,,,,,,,,,,,,,,,,,,,,,,,,,,,5,4,6,1,1,1,3,3,3,4,5,6,7,5,8,18,13,4,21,1,1,1,0
information,2,k194xx7m9bn7xcy6pt,,2521,,,,,,,,,,,"Sebastian","Maurice","Thomas","McAuley","Wallace","David","Mark","Stuart","Martin","Lyn","Stephen","Ellis","Patrick","Drew","Franklin","Sebastian","Franklin","Suonne","Phillip","Meddows",,,,,,,,,,,,,,,,,,,,,7,7,7,1,1,1,7,7,7,7,7,7,1,1,1,21,1,1,21,1,1,1,15
information,2,k1935ewtza4h5bcs5o,,877,,,,,,,,,,,"Sebastian","Lamar","Thomas","William","Wallace",,,,,,,,,,,,,,,,,,,,,,,,,,,,,,,,,,,,4,6,4,4,6,4,4,6,6,4,5,6,16,16,20,16,16,6,21,-1,-1,-1,0
information,2,k1936i0gu0t525anfa,,3306,"Smith","Ian","Stephen","Palmer","Pat","Maria","Willis","William","William","Jr.","Sebastian","Johnson","Thomas","McAuley","Wallace","David","Mark","Desmond","John","Lyn","Smith ","Ellis","Landon","Drew","Franklin","Sebastian","Davis","Suonne","Rickard","Meddows","Gerrod","Harding","Alexander","Cantwell","Smith","Bauchop","Vaughan","Davis","Henry","Holden","Warren","Michael","Arthur","John","Delano ","Leigh","Shaun","Walker","Patrick","Jr.",1,1,1,1,1,1,6,6,6,6,6,6,11,11,3,21,3,2,21,-1,-1,1,45
information,2,k190ywsl94hhzmofg,,1236,,,,,,,,,,,,,,,,"j","the name was popular in east","phoenix roadrunners of the western hockey","he is an american singer","he is nick name crush dava",,,,,,,,,,,,,,,,,,,,,,,,,,,,,,,5,6,7,5,6,4,6,4,6,5,5,5,17,18,10,18,14,19,21,-1,-1,-1,0
information,2,k191ytpicqu71yggx9h,,3202,,,,,,,,,,,,,,,,"DAVID","SMITH","SMITH","JOHN","DAVIS",,,,,,,,,,,,,,,,,,,,,,,,,,,,,,,6,5,6,3,3,3,5,5,6,5,6,6,21,15,16,19,17,15,21,-1,1,1,0
information,2,k194cpqnxqnzdcjqf,,1192,,,,,,,,,,,,,,,,"David","mark","gary edward","barry","davis",,,,,,,,,,,,,,,,,,,,,,,,,,,,,,,3,4,5,4,5,6,6,5,5,5,5,6,10,13,15,16,16,16,16,1,-1,1,0
information,2,k1934yssnxfsg6ks5e,,808,,,,,,,,,,,,,,,,,,,,,"GABRIEL GARY JONES SMITH","MICHAEL PATRICK MURPHY","MARK EINAR JOHNSON","RICHARD JOHN HARRIS","CHARLES P. DAVIS",,,,,,,,,,,,,,,,,,,,,,,,,,5,5,5,6,6,7,4,6,5,6,5,5,8,12,17,15,16,14,21,1,1,-1,0
information,2,k193izn0ina5957lko,,1361,,,,,,,,,,,,,,,,,,,,,"SMITH","MURPHY","JOHNSON","HARRIS","DAVIS",,,,,,,,,,,,,,,,,,,,,,,,,,6,5,5,3,4,6,5,5,4,5,6,4,13,20,13,15,11,17,21,1,-1,1,0
information,2,k1915sbls3y435g5v8,,939,,,,,,,,,,,,,,,,,,,,,"neil"," Ellis","Patrick","Drew","Franklin",,,,,,,,,,,,,,,,,,,,,,,,,,4,1,2,3,1,3,1,2,2,2,1,2,7,2,10,12,10,6,21,1,-1,1,0
information,2,k190znxr8bkt8463yk,,999,,,,,,,,,,,,,,,,,,,,,,,,,,"MM","MM","MM","OK","OK","Sebastian ","Franklin ","Smith ","Smith","Smith ",,,,,,,,,,,,,,,,4,5,5,5,5,5,6,6,5,5,5,5,17,18,18,18,15,20,13,-1,-1,-1,5
information,2,k191vc1hzze9apdbhm,,1923,,,,,,,,,,,,,,,,,,,,,,,,,,"SEBASTIAN","BARNETT","BARNETT","Rickard","Meddows ",,,,,,,,,,,,,,,,,,,,,1,1,6,2,1,2,6,2,2,2,6,6,3,2,2,14,14,2,21,-1,-1,1,0
information,2,k1919pgshq76l7bdcl,,1149,,,,,,,,,,,,,,,,,,,,,,,,,,"Sebastian","Franklin ","Franklin ","Smith","Meddows","Miller","Harding ","NA","NA","NA",,,,,,,,,,,,,,,,1,2,3,1,1,1,7,6,7,7,7,7,2,3,16,9,14,3,21,-1,-1,-1,5
information,2,k1928t0goloocht51,,1469,,,,,,,,,,,,,,,,,,,,,,,,,,,,,,,"mills","no middle name","no middle name","bowen","no middle name",,,,,,,,,,,,,,,,7,7,7,7,7,7,7,7,7,7,6,4,21,17,18,16,21,15,18,-1,1,1,0
information,2,k195d49rfuau2r8x0fh,,1617,,,,,,,,,,,,,,,,,,,,,,,,,,,,,,,"BRANDON MILLER","JOHN LUCAS","BRADLEY SMITH","Brian Smith ","Mark Smith",,,,,,,,,,,,,,,,3,5,4,3,5,3,6,4,5,4,5,3,9,10,12,14,14,7,21,-1,1,1,0
information,2,k191dktlr3fq18om2h,,1503,,,,,,,,,,,,,,,,,,,,,,,,,,,,,,,"Gerrod ","Harding ","Alexander ","Cantwell ","Aurelius ",,,,,,,,,,,,,,,,5,3,7,5,2,7,4,6,6,1,7,3,19,6,15,12,21,10,21,-1,-1,1,0
information,2,k194hyi6b3zulnm3yd,,1309,,,,,,,,,,,,,,,,,,,,,,,,,,,,,,,,,,,,"Bauchop ","Vaughan","no middle name","Henry","Holden","Warren","Michael ","Arthur ","John","Delano",,,,,,2,3,2,3,2,3,2,2,3,2,2,3,5,5,9,7,6,7,5,-1,-1,-1,5
information,2,k1910ox6v8w5edz3iw,,662,,,,,,,,,,,,,,,,,,,,,,,,,,,,,,,,,,,,"yes","Woodrow Wilson (1856-1924), the 28th U.S. president, served in office from 1913 to 1921 and led America through World War I (1914-1918). An advocate for democracy and world peace, Wilson is often ranked by historians as one of the nation's greatest presidents","Chris Evans (Australian politician) ... Christopher Vaughan Evans (born 14 May 1958) is a former Australian politician. He was a member of the Australian Senate for the state of Western Australia from 1993 to 2013, representing the Australian Labor Party.","He was drafted by the Pittsburgh Steelers in the fifth round of the 2006 NFL Draft. He played both college football and college basketball at Purdue. Davis has also been a member of the New York Giants, Carolina Panthers, Jacksonville Jaguars, New York Sentinels and Hartford Colonials.","Charles Henry Davis (January 16, 1807  February 18, 1877) was a rear admiral in the United States Navy. ... 1 Early life and career; 2 Civil War service; 3 Post-war service; 4 Personal life ... years when he was appointed as a Midshipman in the United States Navy on ... From 1830 to 1833, he served on the sloop Ontario.",,,,,,,,,,,3,5,5,5,5,5,6,5,5,5,5,6,17,14,14,14,15,15,13,-1,-1,-1,0
information,2,k192gfz8kyypto8r1b,,3101,,,,,,,,,,,,,,,,,,,,,,,,,,,,,,,,,,,,"Bauchop","James","Edward","Henry","Holden",,,,,,,,,,,3,4,6,1,1,1,1,1,1,4,3,5,6,2,2,21,9,2,21,1,-1,1,0
information,2,k19348gmk5hbh7d8yp,,893,"stuart","john","stephen","hinde","pat","none given","willis","william","sebastian","ellis",,,,,,,,,,,,,,,,,,,,,,,,,,,,,,,"warren","neil","arthur","john","delano","leigh","rickard","walker","patrick","quincy",4,1,3,6,1,6,1,3,1,7,1,1,2,1,11,10,3,15,21,1,1,-1,15
information,2,k191pkxurzfukds57k,,1617,,,,,,,,,,,,,,,,,,,,,,,,,,,,,,,,,,,,,,,,,"George Russell is a British racing driver currently competing in the 2019 Formula One World Championship for the Williams team. He is the reigning FIA Formula 2 Champion for ART and the 2017 GP3 Series Champion.","Gary Nance Smith is the Fletcher Jones Professor of Economics at Pomona College. His research on financial markets statistical reasoning, and artificial intelligence, often involves stock market anomalies, statistical fallacies, and the misuse of data have been widely cited.","James Arthur Bedard is a Canadian retired ice hockey goaltender. He was most recently the longtime goaltending coach for the Detroit Red Wings of the National Hockey League. Originally drafted in 1976 by the Washington Capitals, Bedard played for parts of two seasons with the Capitals."," Joseph","Franklin Delano Roosevelt, often referred to by the initials FDR, was an American statesman and political leader who served as the 32nd president of the United States from 1933 until his death in 1945.",,,,,,4,6,3,5,4,5,4,5,3,5,4,6,10,16,13,16,11,17,12,1,-1,1,0
information,2,k190z4brit6x8pn8md,,495,,,,,,,,,,,,,,,,,,,,,,,,,,,,,,,,,,,,,,,,,"TASK TOKEN","GARY","JIM BEDARD","MICHAEL","ROOSEVELT",,,,,,7,3,4,5,5,5,3,5,3,3,7,4,14,13,16,15,15,15,14,1,1,-1,0
information,2,k1910q4wz5dqnqsy2,,916,,,,,,,,,,,,,,,,,,,,,,,,,,,,,,,,,,,,,,,,,,,,,,"Leigh ","Bradley ","W","P","JR.",3,5,5,6,5,5,5,5,5,5,5,6,14,13,14,14,14,14,14,-1,-1,-1,0
information,2,k19rrsa5yarf8oqyzd,,567,,,,,,,,,,,,,,,,,,,,,,,,,,,,,,,,,,,,,,,,,,,,,,"Leigh ","Shaun ","W. ","P.","i donno",4,3,1,3,2,3,2,3,3,2,2,2,3,2,3,2,4,8,9,-1,-1,-1,0
information,2,k1910hu4zv74aixv9f,,728,,,,,,,,,,,,,,,,,,,,,,,,,,,,,,,,,,,,,,,,,,,,,,"Leigh","Shaun","Walker","Patrick","Quincy",1,4,4,1,1,1,3,4,5,5,4,4,1,1,3,21,2,1,21,1,1,1,0
