diff,middlename,name,profession,time
0,Ira,Russell Crowe,null,null
0,Anthony,Michael Holding,null,null
0,Shrader,Jennifer Lawrence,null,null
0,Fauntleroy,Donald Duck,null,null
0,Karamchand,Mohandas Gandhi,null,null
0,Elizabeth,Kate Winslet,null,null
0,Paige,Matthew Damon,null,null
0,Tont,Eldrick Woods,null,null
0,Fyodorovich,Igor Stravinsky,null,null
0,Bass,Courtney Cox,null,null
0,Jean,Emily Stone,null,null
0,John,Donald Trump,null,null
0,Wroughton,Daniel Craig,null,null
0,Rooney,Kate Mara,null,null
0,Karuna,Uma Thurman,null,null
0,Scott,Darren Lehmann,null,null
0,Yazid,Zinedine Zidane,null,null
0,Noel,Kimberly Kardashian,null,null
0,Anthony,Allan Donald,null,null
0,Jerome,Quentin Tarantino,null,null
0,Marie,Katherine Heigl,null,null
0,Hussein,Barack Obama,null,null
0,Garry,Kate Hudson,null,null
0,Richard,Adam Sandler,null,null
0,Michael,Patrick Rafter,null,null
0,Vladimirovich,Vladimir Putin,null,null
0,Wilhem,Leonardo DiCaprio,null,null
0,Alexandra,Ellyse Perry,null,null
0,Stuart,Guy Ritchie,null,null
0,Lee,Bryan Cranston,null,null
0,Bean,Kobe Bryant,null,null
0,Tiffany,Richard Gere,null,null
0,Stamantina,Elizabeth Fey,null,null
0,Emilian,Max Verstappen,null,null
0,Erhard,Hilary Duff,null,null
0,Louise,Sarah Palin,null,null
0,Sergeyevna,Anna Kournikova,null,null
0,Miller,Ernest Hemingway,null,null
0,Mathison,Alan Turing,null,null
0,Whitney,Paris Hilton,null,null
0,Henry,Timothy Henman,null,null
0,Jacob,Daniel Radcliffe,null,null
0,Knight,Zachary Galifianakis,null,null
0,Ruiz,Pablo Picasso,null,null
0,Ramesh,Sachin Tendulkar,null,null
0,Karl,Werner Heisenberg,null,null
0,Craig,Adam Gilchrist,null,null
0,Irwin,Charlie Estevez,null,null
0,David,Timothy Olyphant,null,null
0,James,Patrick Rothfuss,null,null
1,Francis,John Nash,American Railroad Executive,null
1,Larrabee,Edward Barnes,American Architect,null
1,Nicholas,James Gray,Computer Scientist,null
1,Antonio,John Abraham,American Football (NFL),null
1,Kennedy,Howard Beale,American Historian,null
1,Young,David Cameron,Scottish Painter,null
1,Malcolm,James Cameron,Scientist,null
1,Cassedy,Charles Bass,Medical Doctor,null
1,John,Richard Allison,Scottish Architect,null
1,Anthony,John Lennon,American Classical Music Composer,null
1,Allen,Albert Bartlett,Physics Professor,null
1,Jason,Paul Barber,Field Hockey Player,null
1,Leslie,Ross Allen,Politician,null
1,Hansborough,Peter Bell,Politician,null
1,Masson,Thomas Moody,Former Cricketer,null
1,Ian,Andrew Murray,Children's Writer,null
1,Thomas,Peter Barton,American Actor,null
1,Earl,Glen Baxter,Mathematician,null
1,Edwin,George Bailey,British Electrical Engineer and Industrialist,null
1,Brian,James Tait,British Bomber Pilot,null
1,Benjamin,Arthur Rubinstein,Composer,null
1,Wayne,Roger Taylor,American Football,null
1,Kenneth,John Major,Architect,null
1,Outram,James Anderson,Australian Tennis Player,null
1,Bowley,John Quested,Aviator,null
1,Haden,John Badley,Author and Educator,null
1,Anthony,Michael Beer,Cricketer,null
1,Joseph,George Lucas,Archbishop,null
1,Sebastian,Christopher Lambert,Record Producer and Label Owner,null
1,Nymark,Anne Andersen,Football Player,null
1,Edward,George Bush,Footballer,null
1,Xavier,William Barbosa,Brazilian Footballer,null
1,James,Richard Nixon,Footballer,null
1,Bryson,James Baird,Canadian Politician,null
1,Matthew,Richard Bannister,British Media,null
1,Edward,Henry Bedford,American Painter,null
1,Rodriguez,Antonio Salvador,Poet and Writer,null
1,Irwin,Michael Jordan,"Researcher, Artificial Intelligence",null
1,Lindo,David Alexander,English Barrister,null
1,Channing,Francis Barlow,Lawyer and Politician,null
1,Thomas,Daniel Barry,Astronaut,null
1,Frederick,Harry Baker,Speedway Motorcycle Rider,null
1,Richard,William Basham,Physician,null
1,Wilkinson,William Addison,English Historian,null
1,Henry,George Lamson,English Doctor and Murderer,null
1,Russell,Frank Barry,Anglical Bishop,null
1,Joslyn,Frank Baum,Lawyer,null
1,Olegovna,Irina Belova,Rythmic Gymnast,null
1,Edward,George Barr,American Artist,null
1,Vance,James May,American Psychiatrist,null
2,Stuart,Brian Smith,Ice Hockey,1955
2,Ian,Christopher Porter,Football Goalkeeper,2009
2,Stephen,Gary Smith,English Footballer,2011
2,Hinde,John Palmer,English Politician,1868
2,Pat,Michael Murphy,Irish Politician,1970
2,Maria,Alberto Fontana,Football Goalkeeper,2011
2,Willis,Charles Davis,US Army,1943
2,William,George Russell,Irish Painter,1918
2,Ambrosius,Johann Bach,Composer,1671
2,Cotter,Michael Murphy,American Politician,1901
2,Sebastian,Johann Bach,Composer,1703
2,Lamar,Kevin Johnson,American Football,1995
2,Thomas,Brian Smith,American Actor,2004
2,McAuley,John Palmer,US Senator,1894
2,Wallace,William Wilson,Alberta Politician,1918
2,David,Brian Smith,"Academic Researcher, Strategic Management",1989
2,Mark,Brian Smith,American Football Linebacker,1989
2,Desmond,Brian Smith,Ice Hockey,1972
2,John,Michael Murphy,Folk Musician,1975
2,Lyn,Christopher Davis,American Major League Baseball,2009
2,Neil,Gary Smith,English Footballer,1995
2,Ellis,Michael Murphy,Political Consultant,2005
2,Landon,Mark Johnson,Americal Major League Baseball,2008
2,Drew,Richard Harris,American Football,1970
2,Franklin,Charles Davis,American Football,1987
2,Christian,Johann Bach,Composer,1760
2,Douglas,Charles Davis,American Football,1976
2,Suonne,Charles Davis,American Football,2011
2,Phillip,Bradley Smith,Australian Footballer,1999
2,Meddows,Roger Taylor,Drummer,1968
2,Gerrod,Brandon Miller,American Football,2008
2,Harding,John Lucas,Basketball Player,1976
2,Alexander,Bradley Smith,American Football,2013
2,Cantwell,Brian Smith,Scholar in Cognitive Science,1982
2,Andrew,Mark Smith,"American Author, Comic Books",2009
2,Henry,William Wilson,Pennsylvania Politician,1914
2,Vaughan,Christopher Evans,Politician,1993
2,Edward,Charles Davis,Basketball,2014
2,Henry,Charles Davis,US Navy,1830
2,Holden,William Wilson,Oregon Politician,1845
2,Warren,George Russell,New Zealand Politician,1918
2,Michael,Gary Smith,English Footballer,1975
2,Arthur,Jim Bedard,Ice Hockey,1976
2,John,Michael Murphy,Ice Hockey,1971
2,Delano,Franklin Roosevelt,President,1935
2,Leigh,Stuart Beavon,Footballer,2012
2,Shaun,Bradley Smith,Australian Footballer,2014
2,Walker,George Bush,President,2008
2,Patrick,Joseph Kennedy,"Businessman, Politician",1938
2,Quincy,John Adams,President,1826
